Nom,Prénom,numero,Tel,Email,Adresse,Date de naissance,Lieu de naissance,Année de bacc,genre,CIN,URL
RANDRIAMAROTIA,Fanirillaina Ambinintsoanavalona Johan Adrien,0,343448109,onlyadrienytb@gmail.com,Près VB 81 Uter AD Ambatoroka,16/05/04,Soavinandriana,2022,Homme,101221147698,https://github.com/adrienJohan
RAKOTO,Herilala,0,381192316,rakotoherilala04@gmail.com,lot II E 86 FA Tsarahonenana,17/04/05,Ankadifotsy,2022,Homme,,https://github.com/lalakely
RAKOTOSOA,Tahinaniaina  Noël,0,345071337,tahinaniaina01@gmail.com,IIT 220 Ampandrana Est,02/07/04,Antanimora,2022,Homme,101231182452,https://github.com/Tahinaniaina
ANDRIANIRINA,Nantenaina Tojosoa,0,349489216,tjsainandry07@gmail.com,Lot IIIT 160 MR Bis Anosybe Mandrobato II,11/08/04,Antaboka,2022,Homme,105051008232,
HERIMAMPIONONA,Santatrasoa Diary,0,346821698,santatraherimampionona@gmail.com,Lot EVK 230 Ankadifotsy,17/05/05,Befelatanana,2022,Homme,,https://github.com/Santatrasoa
RANDRIAMITANDRINA,Tsiory Fanambinana,0,343250870,tsioryfanamby@gmail.com,Lot 3J 90 Sonerana,25/09/02,Tsimbazaza,2021,Homme,101211262779,https://github.com/tsiory28
RANDRIANANTENAINA,Hajatiana Michelas,0,340902152,randrianantenainahajatiana61@gmail.com,VS5bIs Antsahamamy,18/09/04,Ambatondrazaka,2022,Homme,103111026684,https://github.com/Hajatiana61
RAZANANDRATSARA,Lucky Kaiser SAHEL,0,343696038,luckykaisersahel@gmail.com,Antsobola,12/02/05,Ambatondrazaka,2022,Homme,,https://github.com/NahLucky
ANDRIANASOLO,Miharisoa Jedidia,0,340812563,andrianasolojedidia2004@gmail.com,,03/09/04,Ambatondrazaka,2022,Homme,313011045162,https://github.com/Jedidia503
RANDRIANANTOANINA,Bienvenu Raphaël,0,345778605,raphaeleinstein0715665618693@gmail.com,Ankadikely ilafy,31/03/03,Soavinandriana,2021,Homme,102071033625,https://github.com/Raphael
RAHERISON,Tsantaniaina,0,343309142,tsantaniainaraherison@gmail.com,lot 55EII ter Avaradoha Ambohidratsimo,17/05/05,Ambatobe,2022,Homme,,https://github.com/NiainaTR
RAMAHAZOMANANA,Mandrindra Antonnio,0,348977212,mandrindra1man@gmail.com,93 tsaramandroso namontana,12/04/05,Anosiala,2022,Homme,,
FOCK,Lahousa Mirella,0,326483443,fabricebe6@gmail.com,Ankadifotsy befelatanana IVP 36,06/05/04,Antalaha,2022,Femme,101232181939,https://github.com/Lahoussa7
VOLOLOTIANA,Ony Hasina Ginah,0,346239930,ginahvololotiana@gmail.com,Lot 2C121 Mandrosoa,13/05/03,Antanimora Ouest,2022,Femme,101212268926,
RANAIVO,Ny Aina Penaiala,0,331802738,peniala.ranaivo@gmail.com,VT47C Ambohipo Tanana,18/05/05,Antsirabe,2022,Femme,,https://github.com/Peniala
LENEPVEU,Rabeniharisoa Alda Manou,0,348608281,lenepveumanou@gmail.com,2L108 Anfravohangy Est,20/02/05,Befelatanana,2022,Femme,,https://github.com/manouAlda
ANDERSON ,Soamiavaka Vanille,0,342423321,nitikaandersone001@gmail.com,17I imerinaafovoany,24/12/05,Ambohibao Anteroka,2022,Femme,,
RANDRIANARISOA,Tsantamirindra,0,347729419,atnastsanta@gmail.com,K1056 Ivato,18/08/04,ivato,2021,Femme,1031122026508,https://github.com/Tsanta04
NOMENJANAHARY,Fifaliana Nathalie,0,387934862,fifaliantsoanomenjanahary322@gmail.com,Capsat bat 56bis soanierana,12/03/05,Mandritsara,2022,Femme,,https://github.com/Fynomenjanahary
HARIZAKAMANITRANJA,Fanorenantsoa Guianna,0,383527564,fanorenantsoaguianna@gmail.com,2P137ubis avaradoha,22/08/04,Andilamena,2022,Femme,316012024667,https://github.com/Iguiane
ANDRIAMANANTENA,Rosa,0,342268998,rosaatenaah@gmail.com,2E25 BA Ambohimirary,01/11/04,Morarano,2021,Femme,101252237912,https://github.com/RosAtenah
JUSTIN,Zarasoa Anita,0,322716247,jzarasoaanita@gmail.com,Avaradoha,01/09/04,Soavinandriana,2021,Femme,101232182728,https://github.com/Zarasoa12
RAKOTOARIJAONA,Aro Mino Avotra,0,348298480,arominorakotoarijaona@gmail.com,FII16 Ankosirano,11/05/05,Ankadifotsy,2022,Homme,,https://github.com/ArrowRak
MIASA,Niharison Dyco,0,323965830,nduzumaki3@gmail.com,3N112 City gendarmerie fiadanana,13/05/03,Soavinandriana,2022,Homme,413011043849,
RATOVONIAINA,Diary Natolotra,0,341696219,natolotra.ratovoniaina.5@gmail.com,IVL278 Ambodin’Isotry,18/09/04,67ha,2022,Homme,101211273987,https://github.com/natolotra18
RAMAROSON,Tojotiana Cyriaque,0,342267384,tojoramaroson1@gmail.com,RVY337 Ambodramanga,25/11/05,Befelatanana,2021,Homme,,
RAZAFINDRAKOTO,Fenosoa Njivaniaina,0,342005025,fenosoanjivaniaina@gmail.com,VF30bis tsenakely imerintsiatosika,13/12/03,Imerintsiatosika,2021,Homme,105131032466,https://github.com/Njivaniaina
RAHERIZOA,Nambinina Safidison,0,347839861,nabininasafidison@outlook.com,GIV55 Soamanandrany,02/06/03,Ambohimangakely,2022,Homme,404011016646,https://github.com/safidison-png
ANDRIAMAHHENNTSOA,Herilala Michel Champagnat,0,347073923,michelherilalaina@gmail.com,Antanimena,28/04/05,Antsongo Antsirabe,2022,Homme,,https://github.com/michel-henintsoa
RABEMANANJARA,Tsitomarainafitahiana,0,346386239,rabemananjaratsito@gmail.com,67ha,06/12/03,Tsiroanomandidy,2021,Homme,111011030411,https://github.com/Tsit03
RAVELOSON,Andritiana Michel,0,328754030,hgtmichel@gmail.com,C 125 Ambatomalaza Alasora,11/09/05,Alasora,2022,Homme,,https://github.com/RAVELOSONandritiana
RAZAFINDRATINA, Faniriantsoa Henika Fandresena,0,341674462,fandresenarazafindratina@gmail.com,IHF 38 Tsarazaza ,30/12/05,Itaosy,2022,Homme,,https://github.com/fandresena37
ANDRIAMIHARINJARA, Coriolan Richia,0,325783630,AndriamiharinjaraCoriolanR.ACR@gmail.com,VT 62 GVA Andohanimandroseza,18/10/04,Befelatanana,2022,Homme,,
DAMY,Eden-ly,0,337127048,damyeden@gmail.com,2047/1BIS cité des 67 ha nord-est,20/12/06,67ha nord-est,2022,Homme,,https://github.com/Eden139
SANDANIANA ,Adrien ,0,332883794,sandanianaadrien@gmail.com,Lot B 371 bis Anatihazo Isotry,06/10/05,Anatihazo Isotry,2022,Homme,,https://github.com/Sandaadrien
VELONJARA,Edmonico,0,331174666,,II F 3 C bis andraisoro,21/09/04,Maroantsetra,2022,Homme,101251237506,https://github.com/EdmonicoVelonjara1
RAVOAVY ,Andriantsoa Herimanjaka Gerald,0,383886324,manjakaadriann@gmail.com,lot IAE 10 D Ambodiampanga,18/07/06,Itaosy,2022,Homme,,https://github.com/yarumanjaka
RANDRIANANTOANDRO,Fanevanianjatovo,0,337660647,654.faneva@gmail.com,Lot II E 66 Ampanitokana,06/05/04,Soavinandriana,2021,Homme,101091040498,https://github.com/fanevaniainjatovo
HAJANIRINA,Fanomezantsoa Heritina,0,344521372,j0252737392@gmail.com,Ambolikandrina,28/09/05,Ambatondrazaka,2022,Homme,,
NARIVELO,Brice Privat,0,340998567,briceoprivat292@gmail.com,F2114 Ambohimahintsy,28/11/05,Toamasina,2022,Homme,,https://github.com/harricePrivat
RAKOTONARIVO,Andriamiharitsoa,0,3457704845,andriamiharitsoa27@gmail.com,2H61 bis aa ampandrana ouest,27/09/05,Ampandrana Ouest,2022,Homme,,https://github.com/Miharitsoa
,,,,,,,,,,,https://github.com/David
